id,collection,datetime,title,country_codes,hazard_codes,impact_category,impact_type,impact_value,impact_unit,standardized_value,estimate_type,description
emdat-impact-2020-0569-NOR-total_deaths,emdat-impacts,2020-12-30T00:00:00Z,Landslide (wet) in Norway - total_deaths,NOR,nat-hyd-mmw-lan,people,death,10.0,count,,primary,
emdat-impact-2020-0572-HRV-total_deaths,emdat-impacts,2020-12-29T00:00:00Z,Ground movement in Croatia - total_deaths,HRV,nat-geo-ear-gro,people,death,8.0,count,,primary,
emdat-impact-2020-0571-PNG-total_deaths,emdat-impacts,2020-12-29T00:00:00Z,Landslide (wet) in Papua New Guinea - total_deaths,PNG,nat-hyd-mmw-lan,people,death,13.0,count,,primary,
emdat-impact-2020-0574-IRN-total_deaths,emdat-impacts,2020-12-25T00:00:00Z,Avalanche (wet) in Iran (Islamic Republic of) - total_deaths,IRN,nat-hyd-mmw-ava,people,death,12.0,count,,primary,
emdat-impact-2020-0604-ZMB-total_deaths,emdat-impacts,2020-12-22T00:00:00Z,Flood (General) in Zambia - total_deaths,ZMB,nat-hyd-flo-flo,people,death,3.0,count,,primary,
emdat-impact-2020-0568-PHL-total_deaths,emdat-impacts,2020-12-21T00:00:00Z,Landslide (wet) in Philippines - total_deaths,PHL,nat-hyd-mmw-lan,people,death,10.0,count,,primary,
emdat-impact-2020-0558-VNM-total_deaths,emdat-impacts,2020-12-21T00:00:00Z,Storm (Tropical cyclone) in Viet Nam of December 2020 - total_deaths,VNM,nat-met-sto-tro,people,death,1.0,count,,primary,
emdat-impact-2020-0558-PHL-total_deaths,emdat-impacts,2020-12-18T00:00:00Z,Storm (Tropical cyclone) in Philippines of December 2020 - total_deaths,PHL,nat-met-sto-tro,people,death,9.0,count,,primary,
emdat-impact-2020-0560-BRA-total_deaths,emdat-impacts,2020-12-17T00:00:00Z,Flood (General) in Brazil - total_deaths,BRA,nat-hyd-flo-flo,people,death,21.0,count,,primary,
emdat-impact-2020-0554-FJI-total_deaths,emdat-impacts,2020-12-17T00:00:00Z,Storm (Tropical cyclone) in Fiji of December 2020 - total_deaths,FJI,nat-met-sto-tro,people,death,5.0,count,,primary,
emdat-impact-2020-0561-THA-total_deaths,emdat-impacts,2020-12-16T00:00:00Z,Flood (General) in Thailand - total_deaths,THA,nat-hyd-flo-flo,people,death,1.0,count,,primary,
emdat-impact-2020-0555-JPN-total_deaths,emdat-impacts,2020-12-16T00:00:00Z,Blizzard/Winter storm in Japan - total_deaths,JPN,nat-met-sto-bli,people,death,21.0,count,,primary,
emdat-impact-2020-0544-IDN-total_deaths,emdat-impacts,2020-12-06T00:00:00Z,Riverine flood in Indonesia - total_deaths,IDN,nat-hyd-flo-riv,people,death,2.0,count,,primary,
emdat-impact-2020-0533-ITA-total_deaths,emdat-impacts,2020-12-04T00:00:00Z,Flood (General) in Italy - total_deaths,ITA,nat-hyd-flo-flo,people,death,2.0,count,,primary,
emdat-impact-2020-0548-LKA-total_deaths,emdat-impacts,2020-12-02T00:00:00Z,Flood (General) in Sri Lanka - total_deaths,LKA,nat-hyd-flo-flo,people,death,3.0,count,,primary,
emdat-impact-2020-0532-IDN-total_deaths,emdat-impacts,2020-12-02T00:00:00Z,Flood (General) in Indonesia - total_deaths,IDN,nat-hyd-flo-flo,people,death,5.0,count,,primary,
emdat-impact-2020-0531-COD-total_deaths,emdat-impacts,2020-12-02T00:00:00Z,Flood (General) in Democratic Republic of the Congo - total_deaths,COD,nat-hyd-flo-flo,people,death,18.0,count,,primary,
emdat-impact-2020-0521-ITA-total_deaths,emdat-impacts,2020-11-27T00:00:00Z,Flash flood in Italy - total_deaths,ITA,nat-hyd-flo-fla,people,death,3.0,count,,primary,
emdat-impact-2020-0529-THA-total_deaths,emdat-impacts,2020-11-25T00:00:00Z,Flash flood in Thailand - total_deaths,THA,nat-hyd-flo-fla,people,death,29.0,count,,primary,
emdat-impact-2020-0524-IND-total_deaths,emdat-impacts,2020-11-25T00:00:00Z,Storm (Tropical cyclone) in India of November 2020 - total_deaths,IND,nat-met-sto-tro,people,death,14.0,count,,primary,
emdat-impact-2020-0535-IRN-total_deaths,emdat-impacts,2020-11-24T00:00:00Z,Flood (General) in Iran (Islamic Republic of) - total_deaths,IRN,nat-hyd-flo-flo,people,death,7.0,count,,primary,
emdat-impact-2020-0488-COL-total_deaths,emdat-impacts,2020-11-23T00:00:00Z,Landslide (wet) in Colombia - total_deaths,COL,nat-hyd-mmw-lan,people,death,18.0,count,,primary,
emdat-impact-2020-0487-SOM-total_deaths,emdat-impacts,2020-11-22T00:00:00Z,Storm (Tropical cyclone) in Somalia of November 2020 - total_deaths,SOM,nat-met-sto-tro,people,death,9.0,count,,primary,
emdat-impact-2020-0522-UGA-total_deaths,emdat-impacts,2020-11-21T00:00:00Z,Flood (General) in Uganda - total_deaths,UGA,nat-hyd-flo-flo,people,death,7.0,count,,primary,
emdat-impact-2020-0495-SLV-total_deaths,emdat-impacts,2020-11-17T00:00:00Z,Storm (Tropical cyclone) in El Salvador of November 2020 - total_deaths,SLV,nat-met-sto-tro,people,death,1.0,count,,primary,
emdat-impact-2020-0495-PAN-total_deaths,emdat-impacts,2020-11-17T00:00:00Z,Storm (Tropical cyclone) in Panama of November 2020 - total_deaths,PAN,nat-met-sto-tro,people,death,4.0,count,,primary,
emdat-impact-2020-0495-NIC-total_deaths,emdat-impacts,2020-11-17T00:00:00Z,Storm (Tropical cyclone) in Nicaragua of November 2020 - total_deaths,NIC,nat-met-sto-tro,people,death,18.0,count,,primary,
emdat-impact-2020-0495-HND-total_deaths,emdat-impacts,2020-11-17T00:00:00Z,Storm (Tropical cyclone) in Honduras of November 2020 - total_deaths,HND,nat-met-sto-tro,people,death,14.0,count,,primary,
emdat-impact-2020-0495-GTM-total_deaths,emdat-impacts,2020-11-17T00:00:00Z,Storm (Tropical cyclone) in Guatemala of November 2020 - total_deaths,GTM,nat-met-sto-tro,people,death,2.0,count,,primary,
emdat-impact-2020-0489-ZAF-total_deaths,emdat-impacts,2020-11-17T00:00:00Z,Severe weather in South Africa - total_deaths,ZAF,nat-met-sto-sev,people,death,10.0,count,,primary,
emdat-impact-2020-0495-COL-total_deaths,emdat-impacts,2020-11-14T00:00:00Z,Storm (Tropical cyclone) in Colombia of November 2020 - total_deaths,COL,nat-met-sto-tro,people,death,23.0,count,,primary,
emdat-impact-2020-0501-PHL-total_deaths,emdat-impacts,2020-11-11T00:00:00Z,Storm (Tropical cyclone) in Philippines of November 2020 - total_deaths,PHL,nat-met-sto-tro,people,death,111.0,count,,primary,
emdat-impact-2020-0496-CHN-total_deaths,emdat-impacts,2020-11-11T00:00:00Z,Flood (General) in China - total_deaths,CHN,nat-hyd-flo-flo,people,death,13.0,count,,primary,
emdat-impact-2020-0542-VNM-total_deaths,emdat-impacts,2020-11-10T00:00:00Z,Storm (Tropical cyclone) in Viet Nam of November 2020 - total_deaths,VNM,nat-met-sto-tro,people,death,2.0,count,,primary,
emdat-impact-2020-0538-USA-total_deaths,emdat-impacts,2020-11-10T00:00:00Z,Lightning/Thunderstorms in United States of America - total_deaths,USA,nat-met-sto-lig,people,death,11.0,count,,primary,
emdat-impact-2020-0506-MEX-total_deaths,emdat-impacts,2020-11-09T00:00:00Z,Flood (General) in Mexico - total_deaths,MEX,nat-hyd-flo-flo,people,death,27.0,count,,primary,
emdat-impact-2020-0498-VEN-total_deaths,emdat-impacts,2020-11-08T00:00:00Z,Flood (General) in Venezuela (Bolivarian Republic of) - total_deaths,VEN,nat-hyd-flo-flo,people,death,3.0,count,,primary,
emdat-impact-2020-0474-USA-total_deaths,emdat-impacts,2020-11-08T00:00:00Z,Storm (Tropical cyclone) in United States of America of November 2020 - total_deaths,USA,nat-met-sto-tro,people,death,12.0,count,,primary,
emdat-impact-2020-0474-PAN-total_deaths,emdat-impacts,2020-11-03T00:00:00Z,Storm (Tropical cyclone) in Panama of November 2020 - total_deaths,PAN,nat-met-sto-tro,people,death,79.0,count,,primary,
emdat-impact-2020-0474-NIC-total_deaths,emdat-impacts,2020-11-03T00:00:00Z,Storm (Tropical cyclone) in Nicaragua of November 2020 - total_deaths,NIC,nat-met-sto-tro,people,death,2.0,count,,primary,
emdat-impact-2020-0474-HND-total_deaths,emdat-impacts,2020-11-03T00:00:00Z,Storm (Tropical cyclone) in Honduras of November 2020 - total_deaths,HND,nat-met-sto-tro,people,death,110.0,count,,primary,
emdat-impact-2020-0474-GTM-total_deaths,emdat-impacts,2020-11-03T00:00:00Z,Storm (Tropical cyclone) in Guatemala of November 2020 - total_deaths,GTM,nat-met-sto-tro,people,death,160.0,count,,primary,
emdat-impact-2020-0474-MEX-total_deaths,emdat-impacts,2020-11-02T00:00:00Z,Storm (Tropical cyclone) in Mexico of November 2020 - total_deaths,MEX,nat-met-sto-tro,people,death,31.0,count,,primary,
emdat-impact-2020-0463-PHL-total_deaths,emdat-impacts,2020-10-31T00:00:00Z,Storm (Tropical cyclone) in Philippines of October 2020 - total_deaths,PHL,nat-met-sto-tro,people,death,31.0,count,,primary,
emdat-impact-2020-0466-TUR-total_deaths,emdat-impacts,2020-10-30T00:00:00Z,Ground movement in Türkiye - total_deaths,TUR,nat-geo-ear-gro,people,death,115.0,count,,primary,
emdat-impact-2020-0466-GRC-total_deaths,emdat-impacts,2020-10-30T00:00:00Z,Ground movement in Greece - total_deaths,GRC,nat-geo-ear-gro,people,death,2.0,count,,primary,
emdat-impact-2020-0470-VNM-total_deaths,emdat-impacts,2020-10-29T00:00:00Z,Storm (Tropical cyclone) in Viet Nam of October 2020 - total_deaths,VNM,nat-met-sto-tro,people,death,41.0,count,,primary,
emdat-impact-2020-0464-SLV-total_deaths,emdat-impacts,2020-10-29T00:00:00Z,Mudslide in El Salvador - total_deaths,SLV,nat-hyd-mmw-mud,people,death,42.0,count,,primary,
emdat-impact-2020-0470-PHL-total_deaths,emdat-impacts,2020-10-28T00:00:00Z,Storm (Tropical cyclone) in Philippines of October 2020 - total_deaths,PHL,nat-met-sto-tro,people,death,31.0,count,,primary,
emdat-impact-2020-0483-USA-total_deaths,emdat-impacts,2020-10-24T00:00:00Z,Storm (Tropical cyclone) in United States of America of October 2020 - total_deaths,USA,nat-met-sto-tro,people,death,6.0,count,,primary,
emdat-impact-2020-0486-IDN-total_deaths,emdat-impacts,2020-10-21T00:00:00Z,Flood (General) in Indonesia - total_deaths,IDN,nat-hyd-flo-flo,people,death,15.0,count,,primary,
emdat-impact-2020-0457-PAK-total_deaths,emdat-impacts,2020-10-18T00:00:00Z,Landslide (wet) in Pakistan - total_deaths,PAK,nat-hyd-mmw-lan,people,death,16.0,count,,primary,
emdat-impact-2020-0458-TZA-total_deaths,emdat-impacts,2020-10-13T00:00:00Z,Flash flood in United Republic of Tanzania - total_deaths,TZA,nat-hyd-flo-fla,people,death,12.0,count,,primary,
emdat-impact-2020-0454-SVK-total_deaths,emdat-impacts,2020-10-13T00:00:00Z,Flood (General) in Slovakia - total_deaths,SVK,nat-hyd-flo-flo,people,death,1.0,count,,primary,
emdat-impact-2020-0452-PHL-total_deaths,emdat-impacts,2020-10-13T00:00:00Z,Storm (Tropical cyclone) in Philippines of October 2020 - total_deaths,PHL,nat-met-sto-tro,people,death,3.0,count,,primary,
emdat-impact-2020-0425-VNM-total_deaths,emdat-impacts,2020-10-13T00:00:00Z,Storm (Tropical cyclone) in Viet Nam of October 2020 - total_deaths,VNM,nat-met-sto-tro,people,death,2.0,count,,primary,
emdat-impact-2020-0425-CHN-total_deaths,emdat-impacts,2020-10-13T00:00:00Z,Storm (Tropical cyclone) in China of October 2020 - total_deaths,CHN,nat-met-sto-tro,people,death,6.0,count,,primary,
emdat-impact-2020-0411-THA-total_deaths,emdat-impacts,2020-10-09T00:00:00Z,Storm (Tropical cyclone) in Thailand of October 2020 - total_deaths,THA,nat-met-sto-tro,people,death,6.0,count,,primary,
emdat-impact-2020-0412-USA-total_deaths,emdat-impacts,2020-10-07T00:00:00Z,Storm (Tropical cyclone) in United States of America of October 2020 - total_deaths,USA,nat-met-sto-tro,people,death,4.0,count,,primary,
emdat-impact-2020-0411-VNM-total_deaths,emdat-impacts,2020-10-06T00:00:00Z,Storm (Tropical cyclone) in Viet Nam of October 2020 - total_deaths,VNM,nat-met-sto-tro,people,death,243.0,count,,primary,
emdat-impact-2020-0411-LAO-total_deaths,emdat-impacts,2020-10-06T00:00:00Z,Storm (Tropical cyclone) in Lao People's Democratic Republic of October 2020 - total_deaths,LAO,nat-met-sto-tro,people,death,2.0,count,,primary,
emdat-impact-2020-0418-ITA-total_deaths,emdat-impacts,2020-10-02T00:00:00Z,Storm (Storm (General)) in Italy of October 2020 - total_deaths,ITA,nat-met-sto-sto,people,death,7.0,count,,primary,
emdat-impact-2020-0418-FRA-total_deaths,emdat-impacts,2020-10-02T00:00:00Z,Storm (Storm (General)) in France of October 2020 - total_deaths,FRA,nat-met-sto-sto,people,death,18.0,count,,primary,
emdat-impact-2020-0416-MEX-total_deaths,emdat-impacts,2020-10-02T00:00:00Z,Storm (Tropical cyclone) in Mexico of October 2020 - total_deaths,MEX,nat-met-sto-tro,people,death,6.0,count,,primary,
emdat-impact-2020-0484-MOZ-total_deaths,emdat-impacts,2020-10-01T00:00:00Z,Flood (General) in Mozambique - total_deaths,MOZ,nat-hyd-flo-flo,people,death,22.0,count,,primary,
emdat-impact-2020-0446-IND-total_deaths,emdat-impacts,2020-10-01T00:00:00Z,Flood (General) in India - total_deaths,IND,nat-hyd-flo-flo,people,death,152.0,count,,primary,
emdat-impact-2020-0421-BEN-total_deaths,emdat-impacts,2020-10-01T00:00:00Z,Riverine flood in Benin - total_deaths,BEN,nat-hyd-flo-riv,people,death,6.0,count,,primary,
emdat-impact-2020-0419-COD-total_deaths,emdat-impacts,2020-10-01T00:00:00Z,Riverine flood in Democratic Republic of the Congo - total_deaths,COD,nat-hyd-flo-riv,people,death,13.0,count,,primary,
emdat-impact-2020-0411-KHM-total_deaths,emdat-impacts,2020-10-01T00:00:00Z,Storm (Tropical cyclone) in Cambodia of October 2020 - total_deaths,KHM,nat-met-sto-tro,people,death,44.0,count,,primary,
emdat-impact-2020-0349-UKR-total_deaths,emdat-impacts,2020-09-30T00:00:00Z,Forest fire in Ukraine - total_deaths,UKR,nat-cli-wil-for,people,death,11.0,count,,primary,
emdat-impact-2020-0429-IDN-total_deaths,emdat-impacts,2020-09-28T00:00:00Z,Landslide (wet) in Indonesia - total_deaths,IDN,nat-hyd-mmw-lan,people,death,11.0,count,,primary,
emdat-impact-2020-0462-VNM-total_deaths,emdat-impacts,2020-09-18T00:00:00Z,Storm (Tropical cyclone) in Viet Nam of September 2020 - total_deaths,VNM,nat-met-sto-tro,people,death,6.0,count,,primary,
emdat-impact-2020-0462-THA-total_deaths,emdat-impacts,2020-09-18T00:00:00Z,Storm (Tropical cyclone) in Thailand of September 2020 - total_deaths,THA,nat-met-sto-tro,people,death,1.0,count,,primary,
emdat-impact-2020-0459-FRA-total_deaths,emdat-impacts,2020-09-18T00:00:00Z,Flash flood in France - total_deaths,FRA,nat-hyd-flo-fla,people,death,2.0,count,,primary,
emdat-impact-2020-0606-CPV-total_deaths,emdat-impacts,2020-09-11T00:00:00Z,Flood (General) in Cabo Verde - total_deaths,CPV,nat-hyd-flo-flo,people,death,1.0,count,,primary,
emdat-impact-2020-0438-USA-total_deaths,emdat-impacts,2020-09-11T00:00:00Z,Storm (Tropical cyclone) in United States of America of September 2020 - total_deaths,USA,nat-met-sto-tro,people,death,8.0,count,,primary,
emdat-impact-2020-0400-JPN-total_deaths,emdat-impacts,2020-09-07T00:00:00Z,Storm (Tropical cyclone) in Japan of September 2020 - total_deaths,JPN,nat-met-sto-tro,people,death,2.0,count,,primary,
emdat-impact-2020-0400-KOR-total_deaths,emdat-impacts,2020-09-06T00:00:00Z,Storm (Tropical cyclone) in Republic of Korea of September 2020 - total_deaths,KOR,nat-met-sto-tro,people,death,2.0,count,,primary,
emdat-impact-2020-0440-TUN-total_deaths,emdat-impacts,2020-09-05T00:00:00Z,Flash flood in Tunisia - total_deaths,TUN,nat-hyd-flo-fla,people,death,6.0,count,,primary,
emdat-impact-2020-0399-GHA-total_deaths,emdat-impacts,2020-09-05T00:00:00Z,Flood (General) in Ghana - total_deaths,GHA,nat-hyd-flo-flo,people,death,4.0,count,,primary,
emdat-impact-2020-0397-SEN-total_deaths,emdat-impacts,2020-09-05T00:00:00Z,Flood (General) in Senegal - total_deaths,SEN,nat-hyd-flo-flo,people,death,11.0,count,,primary,
emdat-impact-2020-0403-KOR-total_deaths,emdat-impacts,2020-09-03T00:00:00Z,Storm (Tropical cyclone) in Republic of Korea of September 2020 - total_deaths,KOR,nat-met-sto-tro,people,death,1.0,count,,primary,
emdat-impact-2020-0461-LKA-total_deaths,emdat-impacts,2020-09-01T00:00:00Z,Flood (General) in Sri Lanka - total_deaths,LKA,nat-hyd-flo-flo,people,death,3.0,count,,primary,
emdat-impact-2020-0447-SYR-total_deaths,emdat-impacts,2020-09-01T00:00:00Z,Wildfire (General) in Syrian Arab Republic - total_deaths,SYR,nat-cli-wil-wil,people,death,3.0,count,,primary,
emdat-impact-2020-0436-MRT-total_deaths,emdat-impacts,2020-09-01T00:00:00Z,Flood (General) in Mauritania - total_deaths,MRT,nat-hyd-flo-flo,people,death,9.0,count,,primary,
emdat-impact-2020-0426-TGO-total_deaths,emdat-impacts,2020-09-01T00:00:00Z,Flood (General) in Togo - total_deaths,TGO,nat-hyd-flo-flo,people,death,11.0,count,,primary,
emdat-impact-2020-0406-ITA-total_deaths,emdat-impacts,2020-08-29T00:00:00Z,Severe weather in Italy - total_deaths,ITA,nat-met-sto-sev,people,death,3.0,count,,primary,
emdat-impact-2020-0376-USA-total_deaths,emdat-impacts,2020-08-27T00:00:00Z,Storm (Tropical cyclone) in United States of America of August 2020 - total_deaths,USA,nat-met-sto-tro,people,death,33.0,count,,primary,
emdat-impact-2020-0376-DOM-total_deaths,emdat-impacts,2020-08-26T00:00:00Z,Storm (Tropical cyclone) in Dominican Republic of August 2020 - total_deaths,DOM,nat-met-sto-tro,people,death,4.0,count,,primary,
emdat-impact-2020-0399-BFA-total_deaths,emdat-impacts,2020-08-25T00:00:00Z,Flood (General) in Burkina Faso - total_deaths,BFA,nat-hyd-flo-flo,people,death,13.0,count,,primary,
emdat-impact-2020-0388-UGA-total_deaths,emdat-impacts,2020-08-25T00:00:00Z,Severe weather in Uganda - total_deaths,UGA,nat-met-sto-sev,people,death,8.0,count,,primary,
emdat-impact-2020-0377-AFG-total_deaths,emdat-impacts,2020-08-25T00:00:00Z,Flash flood in Afghanistan - total_deaths,AFG,nat-hyd-flo-fla,people,death,212.0,count,,primary,
emdat-impact-2020-0376-HTI-total_deaths,emdat-impacts,2020-08-23T00:00:00Z,Storm (Tropical cyclone) in Haiti of August 2020 - total_deaths,HTI,nat-met-sto-tro,people,death,39.0,count,,primary,
emdat-impact-2020-0597-TUR-total_deaths,emdat-impacts,2020-08-22T00:00:00Z,Flood (General) in Türkiye - total_deaths,TUR,nat-hyd-flo-flo,people,death,16.0,count,,primary,
emdat-impact-2020-0384-THA-total_deaths,emdat-impacts,2020-08-22T00:00:00Z,Flash flood in Thailand - total_deaths,THA,nat-hyd-flo-fla,people,death,1.0,count,,primary,
emdat-impact-2020-0385-UGA-total_deaths,emdat-impacts,2020-08-19T00:00:00Z,Flood (General) in Uganda - total_deaths,UGA,nat-hyd-flo-flo,people,death,1.0,count,,primary,
emdat-impact-2020-0370-PHL-total_deaths,emdat-impacts,2020-08-18T00:00:00Z,Ground movement in Philippines - total_deaths,PHL,nat-geo-ear-gro,people,death,1.0,count,,primary,
emdat-impact-2020-0441-USA-total_deaths,emdat-impacts,2020-08-16T00:00:00Z,Wildfire (Forest fire) in United States of America of August 2020 - total_deaths,USA,nat-cli-wil-for,people,death,32.0,count,,primary,
emdat-impact-2020-0365-ITA-total_deaths,emdat-impacts,2020-08-12T00:00:00Z,Landslide (wet) in Italy - total_deaths,ITA,nat-hyd-mmw-lan,people,death,3.0,count,,primary,
emdat-impact-2020-0330-PAN-total_deaths,emdat-impacts,2020-08-09T00:00:00Z,Riverine flood in Panama - total_deaths,PAN,nat-hyd-flo-riv,people,death,11.0,count,,primary,
emdat-impact-2020-0580-USA-total_deaths,emdat-impacts,2020-08-08T00:00:00Z,Derecho in United States of America - total_deaths,USA,nat-met-sto-der,people,death,4.0,count,,primary,
emdat-impact-2020-0353-MEX-total_deaths,emdat-impacts,2020-08-08T00:00:00Z,Flood (General) in Mexico - total_deaths,MEX,nat-hyd-flo-flo,people,death,3.0,count,,primary,
emdat-impact-2020-0331-GRC-total_deaths,emdat-impacts,2020-08-08T00:00:00Z,Flood (General) in Greece - total_deaths,GRC,nat-hyd-flo-flo,people,death,8.0,count,,primary,
emdat-impact-2020-0332-IND-total_deaths,emdat-impacts,2020-08-07T00:00:00Z,Landslide (wet) in India - total_deaths,IND,nat-hyd-mmw-lan,people,death,70.0,count,,primary,
emdat-impact-2020-0530-NLD-total_deaths,emdat-impacts,2020-08-05T00:00:00Z,Heat wave in Netherlands (Kingdom of the) - total_deaths,NLD,nat-met-ext-hea,people,death,400.0,count,,primary,
emdat-impact-2020-0530-BEL-total_deaths,emdat-impacts,2020-08-05T00:00:00Z,Heat wave in Belgium - total_deaths,BEL,nat-met-ext-hea,people,death,1687.0,count,,primary,
emdat-impact-2020-0363-PRK-total_deaths,emdat-impacts,2020-08-04T00:00:00Z,Flood (General) in Democratic People's Republic of Korea - total_deaths,PRK,nat-hyd-flo-flo,people,death,22.0,count,,primary,
emdat-impact-2020-0308-TWN-total_deaths,emdat-impacts,2020-08-03T00:00:00Z,Storm (Tropical cyclone) in Taiwan (Province of China) of August 2020 - total_deaths,TWN,nat-met-sto-tro,people,death,1.0,count,,primary,
emdat-impact-2020-0308-KOR-total_deaths,emdat-impacts,2020-08-03T00:00:00Z,Storm (Tropical cyclone) in Republic of Korea of August 2020 - total_deaths,KOR,nat-met-sto-tro,people,death,26.0,count,,primary,
emdat-impact-2020-0312-PRI-total_deaths,emdat-impacts,2020-08-02T00:00:00Z,Storm (Tropical cyclone) in Puerto Rico of August 2020 - total_deaths,PRI,nat-met-sto-tro,people,death,1.0,count,,primary,
emdat-impact-2020-0581-CHN-total_deaths,emdat-impacts,2020-08-01T00:00:00Z,Flood (General) in China - total_deaths,CHN,nat-hyd-flo-flo,people,death,92.0,count,,primary,
emdat-impact-2020-0387-NER-total_deaths,emdat-impacts,2020-08-01T00:00:00Z,Flood (General) in Niger - total_deaths,NER,nat-hyd-flo-flo,people,death,10.0,count,,primary,
emdat-impact-2020-0382-TCD-total_deaths,emdat-impacts,2020-08-01T00:00:00Z,Flood (General) in Chad - total_deaths,TCD,nat-hyd-flo-flo,people,death,3.0,count,,primary,
emdat-impact-2020-0369-SAU-total_deaths,emdat-impacts,2020-08-01T00:00:00Z,Flood (General) in Saudi Arabia - total_deaths,SAU,nat-hyd-flo-flo,people,death,3.0,count,,primary,
emdat-impact-2020-0357-PAK-total_deaths,emdat-impacts,2020-08-01T00:00:00Z,Flood (General) in Pakistan - total_deaths,PAK,nat-hyd-flo-flo,people,death,410.0,count,,primary,
emdat-impact-2020-0333-KOR-total_deaths,emdat-impacts,2020-08-01T00:00:00Z,Flood (General) in Republic of Korea - total_deaths,KOR,nat-hyd-flo-flo,people,death,42.0,count,,primary,
emdat-impact-2020-0307-THA-total_deaths,emdat-impacts,2020-08-01T00:00:00Z,Storm (Tropical cyclone) in Thailand of August 2020 - total_deaths,THA,nat-met-sto-tro,people,death,4.0,count,,primary,
emdat-impact-2020-0312-USA-total_deaths,emdat-impacts,2020-07-31T00:00:00Z,Storm (Tropical cyclone) in United States of America of July 2020 - total_deaths,USA,nat-met-sto-tro,people,death,16.0,count,,primary,
emdat-impact-2020-0312-DOM-total_deaths,emdat-impacts,2020-07-31T00:00:00Z,Storm (Tropical cyclone) in Dominican Republic of July 2020 - total_deaths,DOM,nat-met-sto-tro,people,death,2.0,count,,primary,
emdat-impact-2020-0311-AFG-total_deaths,emdat-impacts,2020-07-31T00:00:00Z,Flash flood in Afghanistan - total_deaths,AFG,nat-hyd-flo-fla,people,death,16.0,count,,primary,
emdat-impact-2020-0530-FRA-total_deaths,emdat-impacts,2020-07-30T00:00:00Z,Heat wave in France - total_deaths,FRA,nat-met-ext-hea,people,death,1924.0,count,,primary,
emdat-impact-2020-0307-VNM-total_deaths,emdat-impacts,2020-07-29T00:00:00Z,Storm (Tropical cyclone) in Viet Nam of July 2020 - total_deaths,VNM,nat-met-sto-tro,people,death,2.0,count,,primary,
emdat-impact-2020-0316-MEX-total_deaths,emdat-impacts,2020-07-25T00:00:00Z,Storm (Tropical cyclone) in Mexico of July 2020 - total_deaths,MEX,nat-met-sto-tro,people,death,5.0,count,,primary,
emdat-impact-2020-0328-VNM-total_deaths,emdat-impacts,2020-07-18T00:00:00Z,Flash flood in Viet Nam - total_deaths,VNM,nat-hyd-flo-fla,people,death,5.0,count,,primary,
emdat-impact-2020-0596-YEM-total_deaths,emdat-impacts,2020-07-15T00:00:00Z,Flood (General) in Yemen - total_deaths,YEM,nat-hyd-flo-flo,people,death,174.0,count,,primary,
emdat-impact-2020-0327-KOR-total_deaths,emdat-impacts,2020-07-13T00:00:00Z,Flood (General) in Republic of Korea - total_deaths,KOR,nat-hyd-flo-flo,people,death,10.0,count,,primary,
emdat-impact-2020-0318-UKR-total_deaths,emdat-impacts,2020-07-06T00:00:00Z,Forest fire in Ukraine - total_deaths,UKR,nat-cli-wil-for,people,death,5.0,count,,primary,
emdat-impact-2020-0325-IDN-total_deaths,emdat-impacts,2020-07-03T00:00:00Z,Flood (General) in Indonesia - total_deaths,IDN,nat-hyd-flo-flo,people,death,105.0,count,,primary,
emdat-impact-2020-0324-MNG-total_deaths,emdat-impacts,2020-07-02T00:00:00Z,Flash flood in Mongolia - total_deaths,MNG,nat-hyd-flo-fla,people,death,8.0,count,,primary,
emdat-impact-2020-0336-NER-total_deaths,emdat-impacts,2020-07-01T00:00:00Z,Flood (General) in Niger - total_deaths,NER,nat-hyd-flo-flo,people,death,73.0,count,,primary,
emdat-impact-2020-0317-COL-total_deaths,emdat-impacts,2020-07-01T00:00:00Z,Flood (General) in Colombia - total_deaths,COL,nat-hyd-flo-flo,people,death,11.0,count,,primary,
emdat-impact-2020-0269-MMR-total_deaths,emdat-impacts,2020-07-01T00:00:00Z,Landslide (wet) in Myanmar - total_deaths,MMR,nat-hyd-mmw-lan,people,death,174.0,count,,primary,
emdat-impact-2020-0276-CHN-total_deaths,emdat-impacts,2020-06-30T00:00:00Z,Flood (General) in China - total_deaths,CHN,nat-hyd-flo-flo,people,death,22.0,count,,primary,
emdat-impact-2020-0270-BRA-total_deaths,emdat-impacts,2020-06-30T00:00:00Z,Storm (General) in Brazil - total_deaths,BRA,nat-met-sto-sto,people,death,12.0,count,,primary,
emdat-impact-2020-0296-JPN-total_deaths,emdat-impacts,2020-06-29T00:00:00Z,Flood (General) in Japan - total_deaths,JPN,nat-hyd-flo-flo,people,death,82.0,count,,primary,
emdat-impact-2020-0455-NGA-total_deaths,emdat-impacts,2020-06-24T00:00:00Z,Flood (General) in Nigeria - total_deaths,NGA,nat-hyd-flo-flo,people,death,155.0,count,,primary,
emdat-impact-2020-0321-NGA-total_deaths,emdat-impacts,2020-06-24T00:00:00Z,Flood (General) in Nigeria - total_deaths,NGA,nat-hyd-flo-flo,people,death,30.0,count,,primary,
emdat-impact-2020-0281-MEX-total_deaths,emdat-impacts,2020-06-23T00:00:00Z,Ground movement in Mexico - total_deaths,MEX,nat-geo-ear-gro,people,death,10.0,count,,primary,
emdat-impact-2020-0283-UKR-total_deaths,emdat-impacts,2020-06-22T00:00:00Z,Flood (General) in Ukraine - total_deaths,UKR,nat-hyd-flo-flo,people,death,3.0,count,,primary,
emdat-impact-2020-0282-CHN-total_deaths,emdat-impacts,2020-06-22T00:00:00Z,Flood (General) in China - total_deaths,CHN,nat-hyd-flo-flo,people,death,3.0,count,,primary,
emdat-impact-2020-0287-TUR-total_deaths,emdat-impacts,2020-06-21T00:00:00Z,Flash flood in Türkiye - total_deaths,TUR,nat-hyd-flo-fla,people,death,7.0,count,,primary,
emdat-impact-2020-0284-MNG-total_deaths,emdat-impacts,2020-06-21T00:00:00Z,Flood (General) in Mongolia - total_deaths,MNG,nat-hyd-flo-flo,people,death,2.0,count,,primary,
emdat-impact-2020-0260-CHN-total_deaths,emdat-impacts,2020-06-17T00:00:00Z,Landslide (wet) in China - total_deaths,CHN,nat-hyd-mmw-lan,people,death,4.0,count,,primary,
emdat-impact-2020-0323-BGD-total_deaths,emdat-impacts,2020-06-15T00:00:00Z,Flood (General) in Bangladesh - total_deaths,BGD,nat-hyd-flo-flo,people,death,257.0,count,,primary,
emdat-impact-2020-0320-SOM-total_deaths,emdat-impacts,2020-06-15T00:00:00Z,Riverine flood in Somalia - total_deaths,SOM,nat-hyd-flo-riv,people,death,6.0,count,,primary,
emdat-impact-2020-0259-CIV-total_deaths,emdat-impacts,2020-06-15T00:00:00Z,Flood (Flood (General)) in Côte d’Ivoire of June 2020 - total_deaths,CIV,nat-hyd-flo-flo,people,death,24.0,count,,primary,
emdat-impact-2020-0257-NGA-total_deaths,emdat-impacts,2020-06-14T00:00:00Z,Flood (General) in Nigeria - total_deaths,NGA,nat-hyd-flo-flo,people,death,4.0,count,,primary,
emdat-impact-2020-0251-TUR-total_deaths,emdat-impacts,2020-06-14T00:00:00Z,Ground movement in Türkiye - total_deaths,TUR,nat-geo-ear-gro,people,death,1.0,count,,primary,
emdat-impact-2020-0253-TUR-total_deaths,emdat-impacts,2020-06-11T00:00:00Z,Flash flood in Türkiye - total_deaths,TUR,nat-hyd-flo-fla,people,death,1.0,count,,primary,
emdat-impact-2020-0250-IDN-total_deaths,emdat-impacts,2020-06-11T00:00:00Z,Flash flood in Indonesia - total_deaths,IDN,nat-hyd-flo-fla,people,death,7.0,count,,primary,
emdat-impact-2020-0286-ROU-total_deaths,emdat-impacts,2020-06-10T00:00:00Z,Flood (General) in Romania - total_deaths,ROU,nat-hyd-flo-flo,people,death,3.0,count,,primary,
emdat-impact-2020-0228-GHA-total_deaths,emdat-impacts,2020-06-08T00:00:00Z,Flood (General) in Ghana - total_deaths,GHA,nat-hyd-flo-flo,people,death,3.0,count,,primary,
emdat-impact-2020-0219-USA-total_deaths,emdat-impacts,2020-06-07T00:00:00Z,Storm (Tropical cyclone) in United States of America of June 2020 - total_deaths,USA,nat-met-sto-tro,people,death,1.0,count,,primary,
emdat-impact-2020-0217-IND-total_deaths,emdat-impacts,2020-06-03T00:00:00Z,Storm (Tropical cyclone) in India of June 2020 - total_deaths,IND,nat-met-sto-tro,people,death,6.0,count,,primary,
emdat-impact-2020-0216-YEM-total_deaths,emdat-impacts,2020-06-03T00:00:00Z,Flood (General) in Yemen - total_deaths,YEM,nat-hyd-flo-flo,people,death,16.0,count,,primary,
emdat-impact-2020-0530-GBR-total_deaths,emdat-impacts,2020-06-01T00:00:00Z,Heat wave in United Kingdom of Great Britain and Northern Ireland - total_deaths,GBR,nat-met-ext-hea,people,death,2556.0,count,,primary,
emdat-impact-2020-0305-SDN-total_deaths,emdat-impacts,2020-06-01T00:00:00Z,Flood (General) in Sudan - total_deaths,SDN,nat-hyd-flo-flo,people,death,155.0,count,,primary,
emdat-impact-2020-0304-IND-total_deaths,emdat-impacts,2020-06-01T00:00:00Z,Flood (General) in India - total_deaths,IND,nat-hyd-flo-flo,people,death,1922.0,count,,primary,
emdat-impact-2020-0297-NPL-total_deaths,emdat-impacts,2020-06-01T00:00:00Z,Flood (General) in Nepal - total_deaths,NPL,nat-hyd-flo-flo,people,death,448.0,count,,primary,
emdat-impact-2020-0249-PAK-total_deaths,emdat-impacts,2020-06-01T00:00:00Z,Flood (General) in Pakistan - total_deaths,PAK,nat-hyd-flo-flo,people,death,7.0,count,,primary,
emdat-impact-2020-0218-SLV-total_deaths,emdat-impacts,2020-05-31T00:00:00Z,Storm (Tropical cyclone) in El Salvador of May 2020 - total_deaths,SLV,nat-met-sto-tro,people,death,32.0,count,,primary,
emdat-impact-2020-0218-HND-total_deaths,emdat-impacts,2020-05-30T00:00:00Z,Storm (Tropical cyclone) in Honduras of May 2020 - total_deaths,HND,nat-met-sto-tro,people,death,5.0,count,,primary,
emdat-impact-2020-0218-GTM-total_deaths,emdat-impacts,2020-05-30T00:00:00Z,Storm (Tropical cyclone) in Guatemala of May 2020 - total_deaths,GTM,nat-met-sto-tro,people,death,2.0,count,,primary,
emdat-impact-2020-0222-ETH-total_deaths,emdat-impacts,2020-05-28T00:00:00Z,Landslide (wet) in Ethiopia - total_deaths,ETH,nat-hyd-mmw-lan,people,death,10.0,count,,primary,
emdat-impact-2020-0221-OMN-total_deaths,emdat-impacts,2020-05-27T00:00:00Z,Flood (General) in Oman - total_deaths,OMN,nat-hyd-flo-flo,people,death,3.0,count,,primary,
emdat-impact-2020-0220-IND-total_deaths,emdat-impacts,2020-05-27T00:00:00Z,Landslide (wet) in India - total_deaths,IND,nat-hyd-mmw-lan,people,death,21.0,count,,primary,
emdat-impact-2020-0206-IND-total_deaths,emdat-impacts,2020-05-24T00:00:00Z,Flood (General) in India - total_deaths,IND,nat-hyd-flo-flo,people,death,1.0,count,,primary,
emdat-impact-2020-0245-IDN-total_deaths,emdat-impacts,2020-05-22T00:00:00Z,Flash flood in Indonesia - total_deaths,IDN,nat-hyd-flo-fla,people,death,4.0,count,,primary,
emdat-impact-2020-0322-CHN-total_deaths,emdat-impacts,2020-05-21T00:00:00Z,Flood (General) in China - total_deaths,CHN,nat-hyd-flo-flo,people,death,280.0,count,,primary,
emdat-impact-2020-0213-UGA-total_deaths,emdat-impacts,2020-05-21T00:00:00Z,Riverine flood in Uganda - total_deaths,UGA,nat-hyd-flo-riv,people,death,11.0,count,,primary,
emdat-impact-2020-0583-USA-total_deaths,emdat-impacts,2020-05-20T00:00:00Z,Severe weather in United States of America - total_deaths,USA,nat-met-sto-sev,people,death,2.0,count,,primary,
emdat-impact-2020-0211-IND-total_deaths,emdat-impacts,2020-05-20T00:00:00Z,Storm (Tropical cyclone) in India of May 2020 - total_deaths,IND,nat-met-sto-tro,people,death,90.0,count,,primary,
emdat-impact-2020-0211-BGD-total_deaths,emdat-impacts,2020-05-20T00:00:00Z,Storm (Tropical cyclone) in Bangladesh of May 2020 - total_deaths,BGD,nat-met-sto-tro,people,death,26.0,count,,primary,
emdat-impact-2020-0244-CHN-total_deaths,emdat-impacts,2020-05-18T00:00:00Z,Ground movement in China - total_deaths,CHN,nat-geo-ear-gro,people,death,4.0,count,,primary,
emdat-impact-2020-0212-USA-total_deaths,emdat-impacts,2020-05-17T00:00:00Z,Flood (General) in United States of America - total_deaths,USA,nat-hyd-flo-flo,people,death,1.0,count,,primary,
emdat-impact-2020-0211-LKA-total_deaths,emdat-impacts,2020-05-17T00:00:00Z,Storm (Tropical cyclone) in Sri Lanka of May 2020 - total_deaths,LKA,nat-met-sto-tro,people,death,4.0,count,,primary,
emdat-impact-2020-0203-PHL-total_deaths,emdat-impacts,2020-05-15T00:00:00Z,Storm (Tropical cyclone) in Philippines of May 2020 - total_deaths,PHL,nat-met-sto-tro,people,death,5.0,count,,primary,
emdat-impact-2020-0527-TJK-total_deaths,emdat-impacts,2020-05-14T00:00:00Z,Flood (General) in Tajikistan - total_deaths,TJK,nat-hyd-flo-flo,people,death,2.0,count,,primary,
emdat-impact-2020-0198-IND-total_deaths,emdat-impacts,2020-05-10T00:00:00Z,Flood (General) in India - total_deaths,IND,nat-hyd-flo-flo,people,death,29.0,count,,primary,
emdat-impact-2020-0240-ETH-total_deaths,emdat-impacts,2020-05-09T00:00:00Z,Landslide (wet) in Ethiopia - total_deaths,ETH,nat-hyd-mmw-lan,people,death,12.0,count,,primary,
emdat-impact-2020-0183-GTM-total_deaths,emdat-impacts,2020-05-09T00:00:00Z,Flood (General) in Guatemala - total_deaths,GTM,nat-hyd-flo-flo,people,death,3.0,count,,primary,
emdat-impact-2020-0185-IDN-total_deaths,emdat-impacts,2020-05-08T00:00:00Z,Flood (General) in Indonesia - total_deaths,IDN,nat-hyd-flo-flo,people,death,7.0,count,,primary,
emdat-impact-2020-0182-UGA-total_deaths,emdat-impacts,2020-05-08T00:00:00Z,Flash flood in Uganda - total_deaths,UGA,nat-hyd-flo-fla,people,death,3.0,count,,primary,
emdat-impact-2020-0238-USA-total_deaths,emdat-impacts,2020-05-02T00:00:00Z,Severe weather in United States of America - total_deaths,USA,nat-met-sto-sev,people,death,2.0,count,,primary,
emdat-impact-2020-0153-AFG-total_deaths,emdat-impacts,2020-05-02T00:00:00Z,Flash flood in Afghanistan - total_deaths,AFG,nat-hyd-flo-fla,people,death,4.0,count,,primary,
emdat-impact-2020-0241-CHN-total_deaths,emdat-impacts,2020-05-01T00:00:00Z,Severe weather in China - total_deaths,CHN,nat-met-sto-sev,people,death,20.0,count,,primary,
emdat-impact-2020-0157-UZB-total_deaths,emdat-impacts,2020-05-01T00:00:00Z,Flood (General) in Uzbekistan - total_deaths,UZB,nat-hyd-flo-flo,people,death,4.0,count,,primary,
emdat-impact-2020-0156-RWA-total_deaths,emdat-impacts,2020-05-01T00:00:00Z,Flood (General) in Rwanda - total_deaths,RWA,nat-hyd-flo-flo,people,death,8.0,count,,primary,
emdat-impact-2020-0151-IDN-total_deaths,emdat-impacts,2020-04-30T00:00:00Z,Flood (General) in Indonesia - total_deaths,IDN,nat-hyd-flo-flo,people,death,2.0,count,,primary,
emdat-impact-2020-0199-THA-total_deaths,emdat-impacts,2020-04-29T00:00:00Z,Severe weather in Thailand - total_deaths,THA,nat-met-sto-sev,people,death,2.0,count,,primary,
emdat-impact-2020-0191-CAN-total_deaths,emdat-impacts,2020-04-26T00:00:00Z,Riverine flood in Canada - total_deaths,CAN,nat-hyd-flo-riv,people,death,1.0,count,,primary,
emdat-impact-2020-0166-TZA-total_deaths,emdat-impacts,2020-04-22T00:00:00Z,Flood (General) in United Republic of Tanzania - total_deaths,TZA,nat-hyd-flo-flo,people,death,2.0,count,,primary,
emdat-impact-2020-0165-VNM-total_deaths,emdat-impacts,2020-04-22T00:00:00Z,Lightning/Thunderstorms in Viet Nam - total_deaths,VNM,nat-met-sto-lig,people,death,3.0,count,,primary,
emdat-impact-2020-0167-USA-total_deaths,emdat-impacts,2020-04-21T00:00:00Z,Tornado in United States of America - total_deaths,USA,nat-met-sto-tor,people,death,3.0,count,,primary,
emdat-impact-2020-0159-SOM-total_deaths,emdat-impacts,2020-04-20T00:00:00Z,Flood (General) in Somalia - total_deaths,SOM,nat-hyd-flo-flo,people,death,26.0,count,,primary,
emdat-impact-2020-0159-ETH-total_deaths,emdat-impacts,2020-04-20T00:00:00Z,Flood (General) in Ethiopia - total_deaths,ETH,nat-hyd-flo-flo,people,death,12.0,count,,primary,
emdat-impact-2020-0150-DJI-total_deaths,emdat-impacts,2020-04-20T00:00:00Z,Flood (General) in Djibouti - total_deaths,DJI,nat-hyd-flo-flo,people,death,8.0,count,,primary,
emdat-impact-2020-0173-AGO-total_deaths,emdat-impacts,2020-04-18T00:00:00Z,Flash flood in Angola - total_deaths,AGO,nat-hyd-flo-fla,people,death,30.0,count,,primary,
emdat-impact-2020-0164-KEN-total_deaths,emdat-impacts,2020-04-18T00:00:00Z,Flood (General) in Kenya - total_deaths,KEN,nat-hyd-flo-flo,people,death,285.0,count,,primary,
emdat-impact-2020-0188-RWA-total_deaths,emdat-impacts,2020-04-17T00:00:00Z,Flash flood in Rwanda - total_deaths,RWA,nat-hyd-flo-fla,people,death,72.0,count,,primary,
emdat-impact-2020-0171-RWA-total_deaths,emdat-impacts,2020-04-17T00:00:00Z,Flood (General) in Rwanda - total_deaths,RWA,nat-hyd-flo-flo,people,death,9.0,count,,primary,
emdat-impact-2020-0164-UGA-total_deaths,emdat-impacts,2020-04-17T00:00:00Z,Flood (General) in Uganda - total_deaths,UGA,nat-hyd-flo-flo,people,death,5.0,count,,primary,
emdat-impact-2020-0175-COD-total_deaths,emdat-impacts,2020-04-16T00:00:00Z,Flood (General) in Democratic Republic of the Congo - total_deaths,COD,nat-hyd-flo-flo,people,death,52.0,count,,primary,
emdat-impact-2020-0168-YEM-total_deaths,emdat-impacts,2020-04-15T00:00:00Z,Flash flood in Yemen - total_deaths,YEM,nat-hyd-flo-fla,people,death,10.0,count,,primary,
emdat-impact-2020-0142-AFG-total_deaths,emdat-impacts,2020-04-13T00:00:00Z,Flood (General) in Afghanistan - total_deaths,AFG,nat-hyd-flo-flo,people,death,5.0,count,,primary,
emdat-impact-2020-0148-USA-total_deaths,emdat-impacts,2020-04-10T00:00:00Z,Tornado in United States of America - total_deaths,USA,nat-met-sto-tor,people,death,38.0,count,,primary,
emdat-impact-2020-0146-PNG-total_deaths,emdat-impacts,2020-04-10T00:00:00Z,Landslide (wet) in Papua New Guinea - total_deaths,PNG,nat-hyd-mmw-lan,people,death,10.0,count,,primary,
emdat-impact-2020-0142-IRN-total_deaths,emdat-impacts,2020-04-10T00:00:00Z,Flood (General) in Iran (Islamic Republic of) - total_deaths,IRN,nat-hyd-flo-flo,people,death,8.0,count,,primary,
emdat-impact-2020-0132-FJI-total_deaths,emdat-impacts,2020-04-08T00:00:00Z,Storm (Tropical cyclone) in Fiji of April 2020 - total_deaths,FJI,nat-met-sto-tro,people,death,1.0,count,,primary,
emdat-impact-2020-0132-VUT-total_deaths,emdat-impacts,2020-04-06T00:00:00Z,Storm (Tropical cyclone) in Vanuatu of April 2020 - total_deaths,VUT,nat-met-sto-tro,people,death,3.0,count,,primary,
emdat-impact-2020-0134-IDN-total_deaths,emdat-impacts,2020-04-04T00:00:00Z,Flash flood in Indonesia - total_deaths,IDN,nat-hyd-flo-fla,people,death,4.0,count,,primary,
emdat-impact-2020-0132-SLB-total_deaths,emdat-impacts,2020-04-02T00:00:00Z,Storm (Tropical cyclone) in Solomon Islands of April 2020 - total_deaths,SLB,nat-met-sto-tro,people,death,48.0,count,,primary,
emdat-impact-2020-0133-PAK-total_deaths,emdat-impacts,2020-03-31T00:00:00Z,Flood (General) in Pakistan - total_deaths,PAK,nat-hyd-flo-flo,people,death,24.0,count,,primary,
emdat-impact-2020-0125-COG-total_deaths,emdat-impacts,2020-03-30T00:00:00Z,Flood (General) in Congo - total_deaths,COG,nat-hyd-flo-flo,people,death,20.0,count,,primary,
emdat-impact-2020-0119-CHN-total_deaths,emdat-impacts,2020-03-30T00:00:00Z,Forest fire in China - total_deaths,CHN,nat-cli-wil-for,people,death,19.0,count,,primary,
emdat-impact-2020-0121-IDN-total_deaths,emdat-impacts,2020-03-29T00:00:00Z,Flood (General) in Indonesia - total_deaths,IDN,nat-hyd-flo-flo,people,death,1.0,count,,primary,
emdat-impact-2020-0124-AFG-total_deaths,emdat-impacts,2020-03-28T00:00:00Z,Flash flood in Afghanistan - total_deaths,AFG,nat-hyd-flo-fla,people,death,56.0,count,,primary,
emdat-impact-2020-0108-YEM-total_deaths,emdat-impacts,2020-03-25T00:00:00Z,Flash flood in Yemen - total_deaths,YEM,nat-hyd-flo-fla,people,death,2.0,count,,primary,
emdat-impact-2020-0106-HRV-total_deaths,emdat-impacts,2020-03-22T00:00:00Z,Ground movement in Croatia - total_deaths,HRV,nat-geo-ear-gro,people,death,1.0,count,,primary,
emdat-impact-2020-0111-PNG-total_deaths,emdat-impacts,2020-03-21T00:00:00Z,Flood (General) in Papua New Guinea - total_deaths,PNG,nat-hyd-flo-flo,people,death,12.0,count,,primary,
emdat-impact-2020-0116-IRQ-total_deaths,emdat-impacts,2020-03-18T00:00:00Z,Flood (General) in Iraq - total_deaths,IRQ,nat-hyd-flo-flo,people,death,8.0,count,,primary,
emdat-impact-2020-0109-BDI-total_deaths,emdat-impacts,2020-03-16T00:00:00Z,Lightning/Thunderstorms in Burundi - total_deaths,BDI,nat-met-sto-lig,people,death,2.0,count,,primary,
emdat-impact-2020-0104-AGO-total_deaths,emdat-impacts,2020-03-16T00:00:00Z,Flood (General) in Angola - total_deaths,AGO,nat-hyd-flo-flo,people,death,3.0,count,,primary,
emdat-impact-2020-0131-TLS-total_deaths,emdat-impacts,2020-03-13T00:00:00Z,Riverine flood in Timor-Leste - total_deaths,TLS,nat-hyd-flo-riv,people,death,3.0,count,,primary,
emdat-impact-2020-0103-MDG-total_deaths,emdat-impacts,2020-03-13T00:00:00Z,Storm (Tropical cyclone) in Madagascar of March 2020 - total_deaths,MDG,nat-met-sto-tro,people,death,4.0,count,,primary,
emdat-impact-2020-0102-EGY-total_deaths,emdat-impacts,2020-03-11T00:00:00Z,Flash flood in Egypt - total_deaths,EGY,nat-hyd-flo-fla,people,death,40.0,count,,primary,
emdat-impact-2020-0095-PAK-total_deaths,emdat-impacts,2020-03-04T00:00:00Z,Flash flood in Pakistan - total_deaths,PAK,nat-hyd-flo-fla,people,death,66.0,count,,primary,
emdat-impact-2020-0086-IDN-total_deaths,emdat-impacts,2020-03-04T00:00:00Z,Flash flood in Indonesia - total_deaths,IDN,nat-hyd-flo-fla,people,death,2.0,count,,primary,
emdat-impact-2020-0098-RWA-total_deaths,emdat-impacts,2020-03-02T00:00:00Z,Flood (General) in Rwanda - total_deaths,RWA,nat-hyd-flo-flo,people,death,3.0,count,,primary,
emdat-impact-2020-0088-VNM-total_deaths,emdat-impacts,2020-03-02T00:00:00Z,Extra-tropical storm in Viet Nam - total_deaths,VNM,nat-met-sto-ext,people,death,5.0,count,,primary,
emdat-impact-2020-0083-BRA-total_deaths,emdat-impacts,2020-03-02T00:00:00Z,Flood (General) in Brazil - total_deaths,BRA,nat-hyd-flo-flo,people,death,60.0,count,,primary,
emdat-impact-2020-0082-USA-total_deaths,emdat-impacts,2020-03-02T00:00:00Z,Tornado in United States of America - total_deaths,USA,nat-met-sto-tor,people,death,25.0,count,,primary,
emdat-impact-2020-0077-BRA-total_deaths,emdat-impacts,2020-02-29T00:00:00Z,Flood (General) in Brazil - total_deaths,BRA,nat-hyd-flo-flo,people,death,4.0,count,,primary,
emdat-impact-2020-0075-HND-total_deaths,emdat-impacts,2020-02-28T00:00:00Z,Flood (General) in Honduras - total_deaths,HND,nat-hyd-flo-flo,people,death,3.0,count,,primary,
emdat-impact-2020-0071-COL-total_deaths,emdat-impacts,2020-02-26T00:00:00Z,Flash flood in Colombia - total_deaths,COL,nat-hyd-flo-fla,people,death,14.0,count,,primary,
emdat-impact-2020-0068-IDN-total_deaths,emdat-impacts,2020-02-26T00:00:00Z,Flood (General) in Indonesia - total_deaths,IDN,nat-hyd-flo-flo,people,death,10.0,count,,primary,
emdat-impact-2020-0118-IRN-total_deaths,emdat-impacts,2020-02-24T00:00:00Z,Flood (General) in Iran (Islamic Republic of) - total_deaths,IRN,nat-hyd-flo-flo,people,death,21.0,count,,primary,
emdat-impact-2020-0073-TUR-total_deaths,emdat-impacts,2020-02-23T00:00:00Z,Ground movement in Türkiye - total_deaths,TUR,nat-geo-ear-gro,people,death,9.0,count,,primary,
emdat-impact-2020-0070-PER-total_deaths,emdat-impacts,2020-02-23T00:00:00Z,Mudslide in Peru - total_deaths,PER,nat-hyd-mmw-mud,people,death,15.0,count,,primary,
emdat-impact-2020-0094-PER-total_deaths,emdat-impacts,2020-02-17T00:00:00Z,Flash flood in Peru - total_deaths,PER,nat-hyd-flo-fla,people,death,15.0,count,,primary,
emdat-impact-2020-0063-AFG-total_deaths,emdat-impacts,2020-02-13T00:00:00Z,Avalanche (wet) in Afghanistan - total_deaths,AFG,nat-hyd-mmw-ava,people,death,22.0,count,,primary,
emdat-impact-2020-0059-IDN-total_deaths,emdat-impacts,2020-02-13T00:00:00Z,Flood (General) in Indonesia - total_deaths,IDN,nat-hyd-flo-flo,people,death,6.0,count,,primary,
emdat-impact-2020-0058-BOL-total_deaths,emdat-impacts,2020-02-13T00:00:00Z,Flood (General) in Bolivia (Plurinational State of) - total_deaths,BOL,nat-hyd-flo-flo,people,death,8.0,count,,primary,
emdat-impact-2020-0092-ARG-total_deaths,emdat-impacts,2020-02-11T00:00:00Z,Flood (General) in Argentina - total_deaths,ARG,nat-hyd-flo-flo,people,death,3.0,count,,primary,
emdat-impact-2020-0062-MOZ-total_deaths,emdat-impacts,2020-02-11T00:00:00Z,Flood (General) in Mozambique - total_deaths,MOZ,nat-hyd-flo-flo,people,death,2.0,count,,primary,
emdat-impact-2020-0056-BRA-total_deaths,emdat-impacts,2020-02-09T00:00:00Z,Flood (General) in Brazil - total_deaths,BRA,nat-hyd-flo-flo,people,death,5.0,count,,primary,
emdat-impact-2020-0091-BOL-total_deaths,emdat-impacts,2020-02-08T00:00:00Z,Flood (General) in Bolivia (Plurinational State of) - total_deaths,BOL,nat-hyd-flo-flo,people,death,18.0,count,,primary,
emdat-impact-2020-0051-POL-total_deaths,emdat-impacts,2020-02-08T00:00:00Z,Storm (Extra-tropical storm) in Poland of February 2020 - total_deaths,POL,nat-met-sto-ext,people,death,3.0,count,,primary,
emdat-impact-2020-0051-ITA-total_deaths,emdat-impacts,2020-02-08T00:00:00Z,Storm (Extra-tropical storm) in Italy of February 2020 - total_deaths,ITA,nat-met-sto-ext,people,death,1.0,count,,primary,
emdat-impact-2020-0051-GBR-total_deaths,emdat-impacts,2020-02-08T00:00:00Z,Storm (Extra-tropical storm) in United Kingdom of Great Britain and Northern Ireland of February 2020 - total_deaths,GBR,nat-met-sto-ext,people,death,2.0,count,,primary,
emdat-impact-2020-0051-SWE-total_deaths,emdat-impacts,2020-02-07T00:00:00Z,Storm (Extra-tropical storm) in Sweden of February 2020 - total_deaths,SWE,nat-met-sto-ext,people,death,1.0,count,,primary,
emdat-impact-2020-0051-SVN-total_deaths,emdat-impacts,2020-02-07T00:00:00Z,Storm (Extra-tropical storm) in Slovenia of February 2020 - total_deaths,SVN,nat-met-sto-ext,people,death,1.0,count,,primary,
emdat-impact-2020-0051-CZE-total_deaths,emdat-impacts,2020-02-07T00:00:00Z,Storm (Extra-tropical storm) in Czechia of February 2020 - total_deaths,CZE,nat-met-sto-ext,people,death,1.0,count,,primary,
emdat-impact-2020-0050-ZAF-total_deaths,emdat-impacts,2020-02-07T00:00:00Z,Flash flood in South Africa - total_deaths,ZAF,nat-hyd-flo-fla,people,death,3.0,count,,primary,
emdat-impact-2020-0047-PNG-total_deaths,emdat-impacts,2020-02-05T00:00:00Z,Flash flood in Papua New Guinea - total_deaths,PNG,nat-hyd-flo-fla,people,death,7.0,count,,primary,
emdat-impact-2020-0053-AUS-total_deaths,emdat-impacts,2020-02-04T00:00:00Z,Flood (General) in Australia - total_deaths,AUS,nat-hyd-flo-flo,people,death,1.0,count,,primary,
emdat-impact-2020-0046-MWI-total_deaths,emdat-impacts,2020-02-04T00:00:00Z,Riverine flood in Malawi - total_deaths,MWI,nat-hyd-flo-riv,people,death,1.0,count,,primary,
emdat-impact-2020-0044-TUR-total_deaths,emdat-impacts,2020-02-04T00:00:00Z,Avalanche (wet) in Türkiye - total_deaths,TUR,nat-hyd-mmw-ava,people,death,41.0,count,,primary,
emdat-impact-2020-0041-RWA-total_deaths,emdat-impacts,2020-02-02T00:00:00Z,Flood (General) in Rwanda - total_deaths,RWA,nat-hyd-flo-flo,people,death,19.0,count,,primary,
emdat-impact-2020-0055-BDI-total_deaths,emdat-impacts,2020-01-28T00:00:00Z,Flood (General) in Burundi - total_deaths,BDI,nat-hyd-flo-flo,people,death,3.0,count,,primary,
emdat-impact-2020-0036-IDN-total_deaths,emdat-impacts,2020-01-28T00:00:00Z,Flood (General) in Indonesia - total_deaths,IDN,nat-hyd-flo-flo,people,death,9.0,count,,primary,
emdat-impact-2020-0037-TZA-total_deaths,emdat-impacts,2020-01-27T00:00:00Z,Flash flood in United Republic of Tanzania - total_deaths,TZA,nat-hyd-flo-fla,people,death,29.0,count,,primary,
emdat-impact-2020-0034-TUR-total_deaths,emdat-impacts,2020-01-24T00:00:00Z,Ground movement in Türkiye - total_deaths,TUR,nat-geo-ear-gro,people,death,41.0,count,,primary,
emdat-impact-2020-0033-IDN-total_deaths,emdat-impacts,2020-01-23T00:00:00Z,Flood (General) in Indonesia - total_deaths,IDN,nat-hyd-flo-flo,people,death,10.0,count,,primary,
emdat-impact-2020-0020-ESP-total_deaths,emdat-impacts,2020-01-19T00:00:00Z,Storm (Extra-tropical storm) in Spain of January 2020 - total_deaths,ESP,nat-met-sto-ext,people,death,17.0,count,,primary,
emdat-impact-2020-0018-IDN-total_deaths,emdat-impacts,2020-01-19T00:00:00Z,Flash flood in Indonesia - total_deaths,IDN,nat-hyd-flo-fla,people,death,10.0,count,,primary,
emdat-impact-2020-0045-PSE-total_deaths,emdat-impacts,2020-01-18T00:00:00Z,Cold wave in State of Palestine - total_deaths,PSE,nat-met-ext-col,people,death,3.0,count,,primary,
emdat-impact-2020-0022-BRA-total_deaths,emdat-impacts,2020-01-17T00:00:00Z,Flood (General) in Brazil - total_deaths,BRA,nat-hyd-flo-flo,people,death,61.0,count,,primary,
emdat-impact-2020-0015-FJI-total_deaths,emdat-impacts,2020-01-17T00:00:00Z,Storm (Tropical cyclone) in Fiji of January 2020 - total_deaths,FJI,nat-met-sto-tro,people,death,2.0,count,,primary,
emdat-impact-2020-0009-AFG-total_deaths,emdat-impacts,2020-01-12T00:00:00Z,Blizzard/Winter storm in Afghanistan - total_deaths,AFG,nat-met-sto-bli,people,death,13.0,count,,primary,
emdat-impact-2020-0008-PHL-total_deaths,emdat-impacts,2020-01-12T00:00:00Z,Volcanic activity (Ash fall) in Philippines of January 2020 - total_deaths,PHL,nat-geo-vol-ash,people,death,1.0,count,,primary,
emdat-impact-2020-0057-IND-total_deaths,emdat-impacts,2020-01-11T00:00:00Z,Blizzard/Winter storm in India - total_deaths,IND,nat-met-sto-bli,people,death,11.0,count,,primary,
emdat-impact-2020-0010-PAK-total_deaths,emdat-impacts,2020-01-11T00:00:00Z,Blizzard/Winter storm in Pakistan - total_deaths,PAK,nat-met-sto-bli,people,death,107.0,count,,primary,
emdat-impact-2020-0011-USA-total_deaths,emdat-impacts,2020-01-10T00:00:00Z,Severe weather in United States of America - total_deaths,USA,nat-met-sto-sev,people,death,10.0,count,,primary,
emdat-impact-2020-0017-IRN-total_deaths,emdat-impacts,2020-01-09T00:00:00Z,Flood (General) in Iran (Islamic Republic of) - total_deaths,IRN,nat-hyd-flo-flo,people,death,4.0,count,,primary,
emdat-impact-2020-0007-PRI-total_deaths,emdat-impacts,2020-01-07T00:00:00Z,Ground movement in Puerto Rico - total_deaths,PRI,nat-geo-ear-gro,people,death,4.0,count,,primary,
emdat-impact-2020-0005-TUR-total_deaths,emdat-impacts,2020-01-07T00:00:00Z,Severe weather in Türkiye - total_deaths,TUR,nat-met-sto-sev,people,death,2.0,count,,primary,
emdat-impact-2020-0001-ISR-total_deaths,emdat-impacts,2020-01-04T00:00:00Z,Flash flood in Israel - total_deaths,ISR,nat-hyd-flo-fla,people,death,7.0,count,,primary,
emdat-impact-2020-9585-USA-total_deaths,emdat-impacts,2020-01-01T00:00:00Z,Drought in United States of America - total_deaths,USA,nat-cli-dro-dro,people,death,45.0,count,,primary,
emdat-impact-2020-0427-BOL-total_deaths,emdat-impacts,2020-01-01T00:00:00Z,Forest fire in Bolivia (Plurinational State of) - total_deaths,BOL,nat-cli-wil-for,people,death,5.0,count,,primary,
emdat-impact-2020-0016-MDG-total_deaths,emdat-impacts,2020-01-01T00:00:00Z,Flood (General) in Madagascar - total_deaths,MDG,nat-hyd-flo-flo,people,death,40.0,count,,primary,
emdat-impact-2019-0632-IDN-total_deaths,emdat-impacts,2019-12-31T00:00:00Z,Flash flood in Indonesia - total_deaths,IDN,nat-hyd-flo-fla,people,death,66.0,count,,primary,
emdat-impact-2019-0633-MOZ-total_deaths,emdat-impacts,2019-12-27T00:00:00Z,Flood (General) in Mozambique - total_deaths,MOZ,nat-hyd-flo-flo,people,death,28.0,count,,primary,
emdat-impact-2019-0545-AUS-total_deaths,emdat-impacts,2019-09-01T00:00:00Z,"Wildfire (Land fire (Brush, Bush, Pasture)) in Australia of September 2019 - total_deaths",AUS,nat-cli-wil-lan,people,death,32.0,count,,primary,
emdat-impact-2019-0666-AGO-total_deaths,emdat-impacts,2019-03-01T00:00:00Z,Flash flood in Angola - total_deaths,AGO,nat-hyd-flo-fla,people,death,41.0,count,,primary,
emdat-impact-2019-9666-ARG-total_deaths,emdat-impacts,2019-01-01T00:00:00Z,Drought in Argentina - total_deaths,ARG,nat-cli-dro-dro,people,death,8.0,count,,primary,
