id,collection_id,geometry_type,longitude,latitude,roles,title,datetime,keywords,description,end_datetime,monty:etl_id,severitydata.severity,severitydata.severitytext,severitydata.severityunit,monty:corr_id,start_datetime,monty:hazard_codes,monty:country_codes,monty:episode_number,datetime_parsed,year,month,year_month
gdacs-event-1510840,gdacs-events,Point,142.6233,40.9125,"['source', 'event']",Earthquake in Japan,2025-11-18T08:21:21Z,"['Earthquake', 'JPN', 'Seismic', 'Geological']",Green M 4.8 Earthquake in Japan at: 18 Nov 2025 08:21:21.,2025-11-18T08:21:21Z,1bcecad4-98dc-4eb8-9417-30de39fed8ef,4.8,"Magnitude 4.8M, Depth:45.026km",M,20251118-JPN-GH0101-1-GCDB,2025-11-18T08:21:21Z,"['GH0101', 'EQ', 'nat-geo-ear-gro']",['JPN'],1,2025-11-18 08:21:21+00:00,2025,11,2025-11
gdacs-event-1510833,gdacs-events,Point,-67.0524,-24.0795,"['source', 'event']",Earthquake in Argentina,2025-11-18T07:11:32Z,"['Earthquake', 'ARG', 'Geological', 'Seismic']",Green M 4.9 Earthquake in Argentina at: 18 Nov 2025 07:11:32.,2025-11-18T07:11:32Z,b7c0c76a-bb99-4a62-ab69-5e9e1bc5a4f7,4.9,"Magnitude 4.9M, Depth:179.161km",M,20251118-ARG-GH0101-1-GCDB,2025-11-18T07:11:32Z,"['GH0101', 'EQ', 'nat-geo-ear-gro']",['ARG'],1,2025-11-18 07:11:32+00:00,2025,11,2025-11
gdacs-event-1510834,gdacs-events,Point,-160.032,54.5099,"['source', 'event']",Earthquake in United States,2025-11-18T07:08:29Z,"['Earthquake', 'USA', 'Geological', 'Seismic']",Green M 4.5 Earthquake in United States at: 18 Nov 2025 07:08:29.,2025-11-18T07:08:29Z,6436231d-f392-4a40-8f55-353d3b8cea8f,4.5,"Magnitude 4.5M, Depth:35km",M,20251118-USA-GH0101-1-GCDB,2025-11-18T07:08:29Z,"['GH0101', 'EQ', 'nat-geo-ear-gro']",['USA'],1,2025-11-18 07:08:29+00:00,2025,11,2025-11
gdacs-event-1001235,gdacs-events,Point,130.8,-10.0,"['source', 'event']",Tropical Cyclone FIVE-25,2025-11-18T06:00:00Z,"['Tropical Cyclone', 'AUS', 'Wind & Pressure-related', 'Depression or Cyclone', 'Meteorological & Hydrological']",Green Tropical Cyclone FIVE-25 in Australia from: 18 Nov 2025 to: 18 Nov 2025 .,2025-11-18T06:00:00Z,f1a35c2a-fa08-4a58-a836-1c008377dab0,101.8512,Tropical Storm (maximum wind speed of 102 km/h),km/h,20251118-AUS-MH0309-1-GCDB,2025-11-18T06:00:00Z,"['MH0309', 'TC', 'nat-met-sto-tro']",['AUS'],1,2025-11-18 06:00:00+00:00,2025,11,2025-11
gdacs-event-1510796,gdacs-events,Point,142.4373,39.3231,"['source', 'event']",Earthquake in Japan,2025-11-18T02:05:52Z,"['Earthquake', 'JPN', 'Seismic', 'Geological']",Green M 4.5 Earthquake in Japan at: 18 Nov 2025 02:05:52.,2025-11-18T02:05:52Z,9223b2b0-227e-4150-be72-48f358970eaf,4.5,"Magnitude 4.5M, Depth:49.641km",M,20251118-JPN-GH0101-1-GCDB,2025-11-18T02:05:52Z,"['GH0101', 'EQ', 'nat-geo-ear-gro']",['JPN'],1,2025-11-18 02:05:52+00:00,2025,11,2025-11
gdacs-event-1510826,gdacs-events,Point,-177.931,-30.4145,"['source', 'event']","Earthquake in Kermadec Islands, New Zealand",2025-11-18T00:55:05Z,"['', 'NZL', 'Earthquake', 'Geological', 'Seismic']","Green M 4.9 Earthquake in Kermadec Islands, New Zealand at: 18 Nov 2025 00:55:05.",2025-11-18T00:55:05Z,f1a46986-b784-4100-9c3d-81fff5d07862,4.9,"Magnitude 4.9M, Depth:35km",M,20251118--GH0101-1-GCDB,2025-11-18T00:55:05Z,"['GH0101', 'EQ', 'nat-geo-ear-gro']","['', 'NZL']",1,2025-11-18 00:55:05+00:00,2025,11,2025-11
gdacs-event-1510780,gdacs-events,Point,167.1425,-12.4898,"['source', 'event']",Earthquake in Solomon Is.,2025-11-18T00:19:54Z,"['Earthquake', 'SLB', 'Seismic', 'Geological']",Green M 4.6 Earthquake in Solomon Is. at: 18 Nov 2025 00:19:54.,2025-11-18T00:19:54Z,eaca9772-3b2e-4fd8-ab01-1ebf245c94f4,4.6,"Magnitude 4.6M, Depth:233.461km",M,20251118-SLB-GH0101-1-GCDB,2025-11-18T00:19:54Z,"['GH0101', 'EQ', 'nat-geo-ear-gro']",['SLB'],1,2025-11-18 00:19:54+00:00,2025,11,2025-11
gdacs-event-1510667,gdacs-events,Point,-91.5254,-0.4042,"['source', 'event']",Earthquake in Ecuador,2025-11-17T05:06:08Z,"['Seismic', 'Earthquake', 'ECU', 'Geological']",Green M 4.7 Earthquake in Ecuador at: 17 Nov 2025 05:06:08.,2025-11-17T05:06:08Z,ce15a1ba-a6f4-4d83-b226-34a3780482a3,4.7,"Magnitude 4.7M, Depth:10km",M,20251117-ECU-GH0101-1-GCDB,2025-11-17T05:06:08Z,"['GH0101', 'EQ', 'nat-geo-ear-gro']",['ECU'],1,2025-11-17 05:06:08+00:00,2025,11,2025-11
gdacs-event-1510633,gdacs-events,Point,-106.3961,-11.0604,"['source', 'event']",Earthquake in Central East Pacific Rise,2025-11-17T00:46:17Z,"['', 'Earthquake', 'Geological', 'Seismic']",Green M 5 Earthquake in Central East Pacific Rise at: 17 Nov 2025 00:46:17.,2025-11-17T00:46:17Z,048a9dfe-0459-4099-b1fe-35bb2bb75b37,5.0,"Magnitude 5M, Depth:10km",M,20251117--GH0101-1-GCDB,2025-11-17T00:46:17Z,"['GH0101', 'EQ', 'nat-geo-ear-gro']",[''],1,2025-11-17 00:46:17+00:00,2025,11,2025-11
gdacs-event-1103608,gdacs-events,Point,47.4221887,32.9901681,"['source', 'event']",Flood in Islamic Republic of Iran,2025-11-16T01:00:00Z,"['Water-related', 'Meteorological & Hydrological', 'IRN', 'Flooding']",Green Flood in Islamic Republic of Iran from: 16 Nov 2025 01 to: 18 Nov 2025 01.,2025-11-18T01:00:00Z,bc1bff60-7525-44c4-80d2-3b835c0319a4,0.0,Magnitude 0 ,,20251116-IRN-MH0600-1-GCDB,2025-11-16T01:00:00Z,"['MH0600', 'FL', 'nat-hyd-flo-flo']",['IRN'],1,2025-11-16 01:00:00+00:00,2025,11,2025-11
gdacs-event-1508859,gdacs-events,Point,144.8067,13.5276,"['source', 'event']",Earthquake in Guam,2025-11-05T03:03:45Z,,Green M 4.8 Earthquake in Guam at: 05 Nov 2025 03:03:45.,2025-11-05T03:03:45Z,eac59f6f-bee1-4cb3-a367-3ffa9d981981,,,,20251105-GUM-NAT-GEO-EAR-GRO-1-GCDB,2025-11-05T03:03:45Z,"['nat-gem-ear-gro', 'EQ']",['GUM'],1,2025-11-05 03:03:45+00:00,2025,11,2025-11
gdacs-event-1508856,gdacs-events,Point,158.6128,-54.6816,"['source', 'event']",Earthquake in Australia,2025-11-05T02:02:40Z,,Green M 4.6 Earthquake in Australia at: 05 Nov 2025 02:02:40.,2025-11-05T02:02:40Z,769662e9-3941-4422-87be-b6bdf24f9d5e,,,,20251105-AUS-NAT-GEO-EAR-GRO-1-GCDB,2025-11-05T02:02:40Z,"['nat-gem-ear-gro', 'EQ']",['AUS'],1,2025-11-05 02:02:40+00:00,2025,11,2025-11
gdacs-event-1508850,gdacs-events,Point,-105.8699,-35.338,"['source', 'event']",Earthquake in Southern East Pacific Rise,2025-11-05T01:48:31Z,,Green M 5 Earthquake in Southern East Pacific Rise at: 05 Nov 2025 01:48:31.,2025-11-05T01:48:31Z,92826972-6f56-4d75-9d17-23dd224c177d,,,,20251105--NAT-GEO-EAR-GRO-1-GCDB,2025-11-05T01:48:31Z,"['nat-gem-ear-gro', 'EQ']",[''],1,2025-11-05 01:48:31+00:00,2025,11,2025-11
gdacs-event-1508842,gdacs-events,Point,-105.9589,-35.1634,"['source', 'event']",Earthquake in Southern East Pacific Rise,2025-11-05T00:33:04Z,,Green M 5.1 Earthquake in Southern East Pacific Rise at: 05 Nov 2025 00:33:04.,2025-11-05T00:33:04Z,14583ff9-50cf-4b6e-89e1-fa38ba86dea1,,,,20251105--NAT-GEO-EAR-GRO-1-GCDB,2025-11-05T00:33:04Z,"['nat-gem-ear-gro', 'EQ']",[''],1,2025-11-05 00:33:04+00:00,2025,11,2025-11
gdacs-event-1001234,gdacs-events,Point,143.2,8.5,"['source', 'event']",Tropical Cyclone THIRTYTWO-25,2025-11-04T06:00:00Z,,Orange Tropical Cyclone THIRTYTWO-25 in Philippines from: 04 Nov 2025 to: 05 Nov 2025 .,2025-11-05T06:00:00Z,c91c0cf0-8319-45c9-aec4-abce7c38c94c,,,,20251104-PHL-NAT-MET-STO-TRO-1-GCDB,2025-11-04T06:00:00Z,"['nat-met-sto-tro', 'TC']",['PHL'],1,2025-11-04 06:00:00+00:00,2025,11,2025-11
gdacs-event-1508536,gdacs-events,Point,160.4028,51.9973,"['source', 'event']",Earthquake in Off East Coast Of Kamchatka,2025-11-03T07:59:13Z,,Green M 4.8 Earthquake in Off East Coast Of Kamchatka at: 03 Nov 2025 07:59:13.,2025-11-03T07:59:13Z,3e531f3b-c5b9-4000-8b4b-371230bc6ea7,,,,20251103--NAT-GEO-EAR-GRO-1-GCDB,2025-11-03T07:59:13Z,"['nat-gem-ear-gro', 'EQ']",[''],1,2025-11-03 07:59:13+00:00,2025,11,2025-11
gdacs-event-1508528,gdacs-events,Point,159.8514,52.3346,"['source', 'event']",Earthquake in Russia,2025-11-03T07:19:54Z,,Green M 4.8 Earthquake in Russia at: 03 Nov 2025 07:19:54.,2025-11-03T07:19:54Z,1201410d-c26c-4c07-9700-90b021b217d9,,,,20251103-RUS-NAT-GEO-EAR-GRO-1-GCDB,2025-11-03T07:19:54Z,"['nat-gem-ear-gro', 'EQ']",['RUS'],1,2025-11-03 07:19:54+00:00,2025,11,2025-11
gdacs-event-1508526,gdacs-events,Point,160.0369,52.1988,"['source', 'event']",Earthquake in Russia,2025-11-03T07:10:24Z,,Green M 5.8 Earthquake in Russia at: 03 Nov 2025 07:10:24.,2025-11-03T07:10:24Z,09adfa5d-d5cc-46ce-a435-6e6881891f8d,,,,20251103-RUS-NAT-GEO-EAR-GRO-1-GCDB,2025-11-03T07:10:24Z,"['nat-gem-ear-gro', 'EQ']",['RUS'],1,2025-11-03 07:10:24+00:00,2025,11,2025-11
gdacs-event-1508507,gdacs-events,Point,125.3615,4.7253,"['source', 'event']",Earthquake in Philippines,2025-11-03T04:21:26Z,,Green M 5.3 Earthquake in Philippines at: 03 Nov 2025 04:21:26.,2025-11-03T04:21:26Z,4eb15430-0b0e-4f9f-afae-12e74a27f91b,,,,20251103-PHL-NAT-GEO-EAR-GRO-1-GCDB,2025-11-03T04:21:26Z,"['nat-gem-ear-gro', 'EQ']",['PHL'],1,2025-11-03 04:21:26+00:00,2025,11,2025-11
gdacs-event-1508505,gdacs-events,Point,155.7745,49.7466,"['source', 'event']",Earthquake in Russia,2025-11-03T03:55:04Z,,Green M 5.3 Earthquake in Russia at: 03 Nov 2025 03:55:04.,2025-11-03T03:55:04Z,96306d2a-5b15-40bd-8940-a8b1965c4843,,,,20251103-RUS-NAT-GEO-EAR-GRO-1-GCDB,2025-11-03T03:55:04Z,"['nat-gem-ear-gro', 'EQ']",['RUS'],1,2025-11-03 03:55:04+00:00,2025,11,2025-11
gdacs-event-1508490,gdacs-events,Point,160.0931,52.3021,"['source', 'event']",Earthquake in Russia,2025-11-03T01:49:15Z,,Green M 5 Earthquake in Russia at: 03 Nov 2025 01:49:15.,2025-11-03T01:49:15Z,cdd0fccd-bd99-4b27-a21d-bb11eccf401c,,,,20251103-RUS-NAT-GEO-EAR-GRO-1-GCDB,2025-11-03T01:49:15Z,"['nat-gem-ear-gro', 'EQ']",['RUS'],1,2025-11-03 01:49:15+00:00,2025,11,2025-11
gdacs-event-1508489,gdacs-events,Point,95.3412,25.0793,"['source', 'event']",Earthquake in Myanmar,2025-11-03T01:33:02Z,,Green M 4.5 Earthquake in Myanmar at: 03 Nov 2025 01:33:02.,2025-11-03T01:33:02Z,38ba9a6b-860b-49e3-867a-2fa3b75e7dc4,,,,20251103-MMR-NAT-GEO-EAR-GRO-1-GCDB,2025-11-03T01:33:02Z,"['nat-gem-ear-gro', 'EQ']",['MMR'],1,2025-11-03 01:33:02+00:00,2025,11,2025-11
gdacs-event-1103595,gdacs-events,Point,100.4776159,5.992427,"['source', 'event']",Flood in Malaysia,2025-11-03T01:00:00Z,,Green Flood in Malaysia from: 03 Nov 2025 01 to: 05 Nov 2025 01.,2025-11-05T01:00:00Z,ee35c1fc-7069-4219-bad6-ffdda9deb5ba,,,,20251103-MYS-NAT-HYD-FLO-FLO-1-GCDB,2025-11-03T01:00:00Z,"['nat-hyd-flo-flo', 'FL']",['MYS'],1,2025-11-03 01:00:00+00:00,2025,11,2025-11
gdacs-event-1508364,gdacs-events,Point,131.5407,-6.1865,"['source', 'event']",Earthquake in Indonesia,2025-11-02T04:30:45Z,,Green M 4.5 Earthquake in Indonesia at: 02 Nov 2025 04:30:45.,2025-11-02T04:30:45Z,f4793a2c-78cf-481d-a3e5-bbb8de16d2e4,,,,20251102-IDN-NAT-GEO-EAR-GRO-1-GCDB,2025-11-02T04:30:45Z,"['nat-gem-ear-gro', 'EQ']",['IDN'],1,2025-11-02 04:30:45+00:00,2025,11,2025-11
gdacs-event-1508356,gdacs-events,Point,127.7415,-7.5563,"['source', 'event']",Earthquake in Indonesia,2025-11-02T03:09:20Z,,Green M 5.2 Earthquake in Indonesia at: 02 Nov 2025 03:09:20.,2025-11-02T03:09:20Z,a03e233d-9d55-4ab0-9779-3c6e8488864d,,,,20251102-IDN-NAT-GEO-EAR-GRO-1-GCDB,2025-11-02T03:09:20Z,"['nat-gem-ear-gro', 'EQ']",['IDN'],1,2025-11-02 03:09:20+00:00,2025,11,2025-11
gdacs-event-1508338,gdacs-events,Point,-62.2904,-60.061,"['source', 'event']",Earthquake in Drake Passage,2025-11-02T00:16:31Z,,Green M 5 Earthquake in Drake Passage at: 02 Nov 2025 00:16:31.,2025-11-02T00:16:31Z,966a3423-6f0d-422a-91c1-d75d23ad5a5c,,,,20251102--NAT-GEO-EAR-GRO-1-GCDB,2025-11-02T00:16:31Z,"['nat-gem-ear-gro', 'EQ']",[''],1,2025-11-02 00:16:31+00:00,2025,11,2025-11
gdacs-event-1508334,gdacs-events,Point,-179.5974,-22.2854,"['source', 'event']",Earthquake in South Of Fiji Islands,2025-11-01T23:27:43Z,,Green M 4.5 Earthquake in South Of Fiji Islands at: 01 Nov 2025 23:27:43.,2025-11-01T23:27:43Z,2e2b5cc9-5216-4c1c-aec8-51ab6d5c3705,,,,20251101--NAT-GEO-EAR-GRO-1-GCDB,2025-11-01T23:27:43Z,"['nat-gem-ear-gro', 'EQ']",[''],1,2025-11-01 23:27:43+00:00,2025,11,2025-11
gdacs-event-1508313,gdacs-events,Point,95.9535,3.9701,"['source', 'event']",Earthquake in Indonesia,2025-11-01T21:00:09Z,,Green M 4.9 Earthquake in Indonesia at: 01 Nov 2025 21:00:09.,2025-11-01T21:00:09Z,451448dd-ba59-4158-aa53-786deec2f330,,,,20251101-IDN-NAT-GEO-EAR-GRO-1-GCDB,2025-11-01T21:00:09Z,"['nat-gem-ear-gro', 'EQ']",['IDN'],1,2025-11-01 21:00:09+00:00,2025,11,2025-11
gdacs-event-1508306,gdacs-events,Point,70.0035,37.3514,"['source', 'event']",Earthquake in Afghanistan,2025-11-01T19:03:56Z,,Green M 4.9 Earthquake in Afghanistan at: 01 Nov 2025 19:03:56.,2025-11-01T19:03:56Z,1d75a97d-f7c4-41e6-981c-00b8139cc9a5,,,,20251101-AFG-NAT-GEO-EAR-GRO-1-GCDB,2025-11-01T19:03:56Z,"['nat-gem-ear-gro', 'EQ']",['AFG'],1,2025-11-01 19:03:56+00:00,2025,11,2025-11
gdacs-event-1508298,gdacs-events,Point,-93.5997,16.8722,"['source', 'event']",Earthquake in Mexico,2025-11-01T17:42:41Z,,Green M 4.5 Earthquake in Mexico at: 01 Nov 2025 17:42:41.,2025-11-01T17:42:41Z,44ec3399-cbe0-4562-b923-4c05047b11da,,,,20251101-MEX-NAT-GEO-EAR-GRO-1-GCDB,2025-11-01T17:42:41Z,"['nat-gem-ear-gro', 'EQ']",['MEX'],1,2025-11-01 17:42:41+00:00,2025,11,2025-11
gdacs-event-1508293,gdacs-events,Point,159.9669,53.3858,"['source', 'event']",Earthquake in Russian Federation,2025-11-01T16:07:12Z,,Green M 4.5 Earthquake in Russian Federation at: 01 Nov 2025 16:07:12.,2025-11-01T16:07:12Z,f5c3a45f-872c-4e20-be80-f77345ece5cd,,,,20251101-RUS-NAT-GEO-EAR-GRO-1-GCDB,2025-11-01T16:07:12Z,"['nat-gem-ear-gro', 'EQ']",['RUS'],1,2025-11-01 16:07:12+00:00,2025,11,2025-11
gdacs-event-1508274,gdacs-events,Point,142.0225,39.1645,"['source', 'event']",Earthquake in Japan,2025-11-01T14:44:09Z,,Green M 4.5 Earthquake in Japan at: 01 Nov 2025 14:44:09.,2025-11-01T14:44:09Z,ed1f3c24-3fd3-478c-8ff1-0f88546a6ce3,,,,20251101-JPN-NAT-GEO-EAR-GRO-1-GCDB,2025-11-01T14:44:09Z,"['nat-gem-ear-gro', 'EQ']",['JPN'],1,2025-11-01 14:44:09+00:00,2025,11,2025-11
gdacs-event-1508256,gdacs-events,Point,45.4388,34.1835,"['source', 'event']",Earthquake in Iraq,2025-11-01T11:25:02Z,,Green M 4.6 Earthquake in Iraq at: 01 Nov 2025 11:25:02.,2025-11-01T11:25:02Z,131f4f91-6cae-4cd9-bc07-00e5d1283fca,,,,20251101-IRQ-NAT-GEO-EAR-GRO-1-GCDB,2025-11-01T11:25:02Z,"['nat-gem-ear-gro', 'EQ']",['IRQ'],1,2025-11-01 11:25:02+00:00,2025,11,2025-11
gdacs-event-1508247,gdacs-events,Point,151.4997,-3.7696,"['source', 'event']",Earthquake in Papua New Guinea,2025-11-01T09:50:00Z,,Green M 5 Earthquake in Papua New Guinea at: 01 Nov 2025 09:50:00.,2025-11-01T09:50:00Z,e98d9489-c4d5-4008-b41a-bcba22ba9f32,,,,20251101-PNG-NAT-GEO-EAR-GRO-1-GCDB,2025-11-01T09:50:00Z,"['nat-gem-ear-gro', 'EQ']",['PNG'],1,2025-11-01 09:50:00+00:00,2025,11,2025-11
gdacs-event-1508237,gdacs-events,Point,-177.4032,-14.9689,"['source', 'event']",Earthquake in Wallis  and  Futuna,2025-11-01T07:30:40Z,,Green M 4.5 Earthquake in Wallis and Futuna at: 01 Nov 2025 07:30:40.,2025-11-01T07:30:40Z,0e75b9ec-97c0-4bbc-8c93-4c79c7703dfe,,,,20251101-WLF-NAT-GEO-EAR-GRO-1-GCDB,2025-11-01T07:30:40Z,"['nat-gem-ear-gro', 'EQ']",['WLF'],1,2025-11-01 07:30:40+00:00,2025,11,2025-11
gdacs-event-1508233,gdacs-events,Point,122.1585,20.1659,"['source', 'event']",Earthquake in Philippines,2025-11-01T06:57:25Z,,Green M 4.9 Earthquake in Philippines at: 01 Nov 2025 06:57:25.,2025-11-01T06:57:25Z,680b8355-26ed-4bf2-a6dd-4f115cb80fd6,,,,20251101-PHL-NAT-GEO-EAR-GRO-1-GCDB,2025-11-01T06:57:25Z,"['nat-gem-ear-gro', 'EQ']",['PHL'],1,2025-11-01 06:57:25+00:00,2025,11,2025-11
gdacs-event-1001233,gdacs-events,Point,117.1,12.1,"['source', 'event']",Tropical Cyclone KALMAEGI-25,2025-11-01T06:00:00Z,,"Orange Tropical Cyclone KALMAEGI-25 in Philippines, Viet Nam, Cambodia, Laos from: 01 Nov 2025 to: 05 Nov 2025 .",2025-11-05T06:00:00Z,1158d519-d9aa-4152-896c-74780271e507,,,,20251101-LAO-NAT-MET-STO-TRO-1-GCDB,2025-11-01T06:00:00Z,"['nat-met-sto-tro', 'TC']","['LAO', 'KHM', 'PHL']",1,2025-11-01 06:00:00+00:00,2025,11,2025-11
gdacs-event-1508214,gdacs-events,Point,139.3642,-2.0144,"['source', 'event']",Earthquake in Indonesia,2025-11-01T04:32:39Z,,Green M 4.9 Earthquake in Indonesia at: 01 Nov 2025 04:32:39.,2025-11-01T04:32:39Z,f205c6b4-5629-4bbe-bb4e-49af864a3780,,,,20251101-IDN-NAT-GEO-EAR-GRO-1-GCDB,2025-11-01T04:32:39Z,"['nat-gem-ear-gro', 'EQ']",['IDN'],1,2025-11-01 04:32:39+00:00,2025,11,2025-11
gdacs-event-1508197,gdacs-events,Point,-26.827,-55.6171,"['source', 'event']",Earthquake in South Sandwich Islands Region,2025-11-01T01:51:23Z,,Green M 5.2 Earthquake in South Sandwich Islands Region at: 01 Nov 2025 01:51:23.,2025-11-01T01:51:23Z,0aae5c1e-b3c5-4dab-9ca8-b3981592983f,,,,20251101--NAT-GEO-EAR-GRO-1-GCDB,2025-11-01T01:51:23Z,"['nat-gem-ear-gro', 'EQ']",[''],1,2025-11-01 01:51:23+00:00,2025,11,2025-11
gdacs-event-1508194,gdacs-events,Point,-26.9857,-55.7303,"['source', 'event']",Earthquake in South Sandwich Islands Region,2025-11-01T01:16:57Z,,Green M 5 Earthquake in South Sandwich Islands Region at: 01 Nov 2025 01:16:57.,2025-11-01T01:16:57Z,7ffcd37c-716d-40d1-b1e5-07ae365181d9,,,,20251101--NAT-GEO-EAR-GRO-1-GCDB,2025-11-01T01:16:57Z,"['nat-gem-ear-gro', 'EQ']",[''],1,2025-11-01 01:16:57+00:00,2025,11,2025-11
gdacs-event-1508168,gdacs-events,Point,127.0652,7.0559,"['source', 'event']",Earthquake in Philippines,2025-10-31T21:27:48Z,,Green M 5 Earthquake in Philippines at: 31 Oct 2025 21:27:48.,2025-10-31T21:27:48Z,5ad71ee7-6ca5-4f95-a7aa-d7c0d9267554,,,,20251031-PHL-NAT-GEO-EAR-GRO-1-GCDB,2025-10-31T21:27:48Z,"['nat-gem-ear-gro', 'EQ']",['PHL'],1,2025-10-31 21:27:48+00:00,2025,10,2025-10
gdacs-event-1508174,gdacs-events,Point,127.2056,6.1322,"['source', 'event']",Earthquake in Philippines,2025-10-31T21:21:04Z,,Green M 5 Earthquake in Philippines at: 31 Oct 2025 21:21:04.,2025-10-31T21:21:04Z,deb483b8-c7cc-4bb6-8397-8375a3a6bdb5,,,,20251031-PHL-NAT-GEO-EAR-GRO-1-GCDB,2025-10-31T21:21:04Z,"['nat-gem-ear-gro', 'EQ']",['PHL'],1,2025-10-31 21:21:04+00:00,2025,10,2025-10
gdacs-event-1508161,gdacs-events,Point,96.886,-45.2765,"['source', 'event']",Earthquake in Southeast Indian Ridge,2025-10-31T20:53:24Z,,Green M 6 Earthquake in Southeast Indian Ridge at: 31 Oct 2025 20:53:24.,2025-10-31T20:53:24Z,c35957c7-7791-4c0c-975e-f35da0a8fdc1,,,,20251031--NAT-GEO-EAR-GRO-1-GCDB,2025-10-31T20:53:24Z,"['nat-gem-ear-gro', 'EQ']",[''],1,2025-10-31 20:53:24+00:00,2025,10,2025-10
gdacs-event-1508171,gdacs-events,Point,127.3417,6.2436,"['source', 'event']",Earthquake in Philippines,2025-10-31T20:44:31Z,,Green M 4.9 Earthquake in Philippines at: 31 Oct 2025 20:44:31.,2025-10-31T20:44:31Z,7e3b756b-0312-4c02-8494-98e1a3b4b796,,,,20251031-PHL-NAT-GEO-EAR-GRO-1-GCDB,2025-10-31T20:44:31Z,"['nat-gem-ear-gro', 'EQ']",['PHL'],1,2025-10-31 20:44:31+00:00,2025,10,2025-10
gdacs-event-1508145,gdacs-events,Point,-26.3496,-59.5772,"['source', 'event']",Earthquake in South Sandwich Islands Region,2025-10-31T19:30:19Z,,Green M 5.2 Earthquake in South Sandwich Islands Region at: 31 Oct 2025 19:30:19.,2025-10-31T19:30:19Z,1f3cdeb4-1e1d-495a-9a6c-13e87771e18c,,,,20251031--NAT-GEO-EAR-GRO-1-GCDB,2025-10-31T19:30:19Z,"['nat-gem-ear-gro', 'EQ']",[''],1,2025-10-31 19:30:19+00:00,2025,10,2025-10
gdacs-event-1508106,gdacs-events,Point,133.2159,-6.2878,"['source', 'event']",Earthquake in Indonesia,2025-10-31T17:02:15Z,,Green M 4.7 Earthquake in Indonesia at: 31 Oct 2025 17:02:15.,2025-10-31T17:02:15Z,f807972a-634d-4be9-9d4a-27d586fa434f,,,,20251031-IDN-NAT-GEO-EAR-GRO-1-GCDB,2025-10-31T17:02:15Z,"['nat-gem-ear-gro', 'EQ']",['IDN'],1,2025-10-31 17:02:15+00:00,2025,10,2025-10
gdacs-event-1508101,gdacs-events,Point,159.8077,53.1367,"['source', 'event']",Earthquake in Russian Federation,2025-10-31T16:35:16Z,,Green M 4.8 Earthquake in Russian Federation at: 31 Oct 2025 16:35:16.,2025-10-31T16:35:16Z,cba48ebd-3c4e-4969-9c2c-c36265ec12f9,,,,20251031-RUS-NAT-GEO-EAR-GRO-1-GCDB,2025-10-31T16:35:16Z,"['nat-gem-ear-gro', 'EQ']",['RUS'],1,2025-10-31 16:35:16+00:00,2025,10,2025-10
gdacs-event-1508069,gdacs-events,Point,-82.3572,7.4464,"['source', 'event']",Earthquake in Costa Rica,2025-10-31T13:04:29Z,,Green M 4.8 Earthquake in Costa Rica at: 31 Oct 2025 13:04:29.,2025-10-31T13:04:29Z,e52648b8-9cd0-4de4-9155-99ba51835f08,,,,20251031-CRI-NAT-GEO-EAR-GRO-1-GCDB,2025-10-31T13:04:29Z,"['nat-gem-ear-gro', 'EQ']",['CRI'],1,2025-10-31 13:04:29+00:00,2025,10,2025-10
gdacs-event-1508092,gdacs-events,Point,125.9308,-3.5952,"['source', 'event']",Earthquake in Indonesia,2025-10-31T10:55:21Z,,Green M 4.5 Earthquake in Indonesia at: 31 Oct 2025 10:55:21.,2025-10-31T10:55:21Z,c0d5a291-2cfb-46eb-a3fb-0662698dfeef,,,,20251031-IDN-NAT-GEO-EAR-GRO-1-GCDB,2025-10-31T10:55:21Z,"['nat-gem-ear-gro', 'EQ']",['IDN'],1,2025-10-31 10:55:21+00:00,2025,10,2025-10
gdacs-event-1508039,gdacs-events,Point,159.4497,51.5813,"['source', 'event']",Earthquake in Russia,2025-10-31T08:57:40Z,,Green M 4.9 Earthquake in Russia at: 31 Oct 2025 08:57:40.,2025-10-31T08:57:40Z,71e1d2a0-4886-4707-9403-793a1227e76b,,,,20251031-RUS-NAT-GEO-EAR-GRO-1-GCDB,2025-10-31T08:57:40Z,"['nat-gem-ear-gro', 'EQ']",['RUS'],1,2025-10-31 08:57:40+00:00,2025,10,2025-10
